<?xml version="1.0"?>
<h:html xmlns="http://www.w3.org/2002/xforms" xmlns:h="http://www.w3.org/1999/xhtml" xmlns:ev="http://www.w3.org/2001/xml-events" xmlns:xsd="http://www.w3.org/2001/XMLSchema" xmlns:jr="http://openrosa.org/javarosa">
  <h:head>
    <h:title>EGRA v1</h:title>
    <model>
      <instance>
        <data id="EGRA_v1">
	  <!--data-->
        </data>
      </instance>
      <itext>
        <translation lang="eng">
	  <!--translation-->
        </translation>
      </itext>
      <!--bind-->
    </model>
  </h:head>
  <h:body>
    <!--body-->
  </h:body>
</h:html>
